Symbol,isin,bse_code,name,industry,market_cap_category,Index
360ONE,INE466L01038,542772,360 ONE WAM Ltd.,Financial Services,mid_small_cap,nifty_midsmallcap400
3MINDIA,INE470A01017,523395,3M India Ltd.,Diversified,mid_small_cap,nifty_midsmallcap400
ACC,INE012A01025,500410,ACC Ltd.,Construction Materials,mid_small_cap,nifty_midsmallcap400
ACMESOLAR,INE622W01025,544290,ACME Solar Holdings Ltd.,Power,mid_small_cap,nifty_midsmallcap400
AIAENG,INE212H01026,532683,AIA Engineering Ltd.,Capital Goods,mid_small_cap,nifty_midsmallcap400
APLAPOLLO,INE702C01027,533758,APL Apollo Tubes Ltd.,Capital Goods,mid_small_cap,nifty_midsmallcap400
AUBANK,INE949L01017,540611,AU Small Finance Bank Ltd.,Financial Services,mid_small_cap,nifty_midsmallcap400
AWL,INE699H01024,Unlisted,AWL Agri Business Ltd.,Fast Moving Consumer Goods,mid_small_cap,nifty_midsmallcap400
AADHARHFC,INE883F01010,544176,Aadhar Housing Finance Ltd.,Financial Services,mid_small_cap,nifty_midsmallcap400
AARTIIND,INE769A01020,524208,Aarti Industries Ltd.,Chemicals,mid_small_cap,nifty_midsmallcap400
AAVAS,INE216P01012,541988,Aavas Financiers Ltd.,Financial Services,mid_small_cap,nifty_midsmallcap400
ABBOTINDIA,INE358A01014,500488,Abbott India Ltd.,Healthcare,mid_small_cap,nifty_midsmallcap400
ACE,INE731H01025,532762,Action Construction Equipment Ltd.,Capital Goods,mid_small_cap,nifty_midsmallcap400
ACUTAAS,INE00FF01025,Unlisted,Acutaas Chemicals Ltd.,Healthcare,mid_small_cap,nifty_midsmallcap400
ATGL,INE399L01023,542066,Adani Total Gas Ltd.,Oil Gas & Consumable Fuels,mid_small_cap,nifty_midsmallcap400
ABCAPITAL,INE674K01013,540691,Aditya Birla Capital Ltd.,Financial Services,mid_small_cap,nifty_midsmallcap400
ABFRL,INE647O01011,533156,Aditya Birla Fashion and Retail Ltd.,Consumer Services,mid_small_cap,nifty_midsmallcap400
ABLBL,INE14LE01019,Unlisted,Aditya Birla Lifestyle Brands Ltd.,Consumer Services,mid_small_cap,nifty_midsmallcap400
ABREL,INE055A01016,500040,Aditya Birla Real Estate Ltd.,Realty,mid_small_cap,nifty_midsmallcap400
ABSLAMC,INE404A01024,543374,Aditya Birla Sun Life AMC Ltd.,Financial Services,mid_small_cap,nifty_midsmallcap400
CPPLUS,INE819V01029,Unlisted,Aditya Infotech Ltd.,Capital Goods,mid_small_cap,nifty_midsmallcap400
AEGISLOG,INE208C01025,500003,Aegis Logistics Ltd.,Oil Gas & Consumable Fuels,mid_small_cap,nifty_midsmallcap400
AEGISVOPAK,INE0INX01018,Unlisted,Aegis Vopak Terminals Ltd.,Oil Gas & Consumable Fuels,mid_small_cap,nifty_midsmallcap400
AFCONS,INE101I01011,544284,Afcons Infrastructure Ltd.,Construction,mid_small_cap,nifty_midsmallcap400
AFFLE,INE00WC01027,542752,Affle 3i Ltd.,Information Technology,mid_small_cap,nifty_midsmallcap400
AJANTPHARM,INE031B01049,532331,Ajanta Pharmaceuticals Ltd.,Healthcare,mid_small_cap,nifty_midsmallcap400
ALKEM,INE540L01014,539523,Alkem Laboratories Ltd.,Healthcare,mid_small_cap,nifty_midsmallcap400
ABDL,INE552Z01027,544199,Allied Blenders and Distillers Ltd.,Fast Moving Consumer Goods,mid_small_cap,nifty_midsmallcap400
ARE&M,INE885A01032,500008,Amara Raja Energy & Mobility Ltd.,Automobile and Auto Components,mid_small_cap,nifty_midsmallcap400
AMBER,INE371P01015,540902,Amber Enterprises India Ltd.,Consumer Durables,mid_small_cap,nifty_midsmallcap400
ANANDRATHI,INE463V01026,543415,Anand Rathi Wealth Ltd.,Financial Services,mid_small_cap,nifty_midsmallcap400
ANANTRAJ,INE242C01024,515055,Anant Raj Ltd.,Realty,mid_small_cap,nifty_midsmallcap400
ANGELONE,INE732I01021,543235,Angel One Ltd.,Financial Services,mid_small_cap,nifty_midsmallcap400
ANTHEM,INE0CZ201020,Unlisted,Anthem Biosciences Ltd.,Healthcare,mid_small_cap,nifty_midsmallcap400
ANURAS,INE930P01018,543275,Anupam Rasayan India Ltd.,Chemicals,mid_small_cap,nifty_midsmallcap400
APARINDS,INE372A01015,532259,Apar Industries Ltd.,Capital Goods,mid_small_cap,nifty_midsmallcap400
APOLLOTYRE,INE438A01022,500877,Apollo Tyres Ltd.,Automobile and Auto Components,mid_small_cap,nifty_midsmallcap400
APTUS,INE852O01025,543336,Aptus Value Housing Finance India Ltd.,Financial Services,mid_small_cap,nifty_midsmallcap400
ASAHIINDIA,INE439A01020,515030,Asahi India Glass Ltd.,Automobile and Auto Components,mid_small_cap,nifty_midsmallcap400
ASHOKLEY,INE208A01029,500477,Ashok Leyland Ltd.,Capital Goods,mid_small_cap,nifty_midsmallcap400
ASTERDM,INE914M01019,540975,Aster DM Healthcare Ltd.,Healthcare,mid_small_cap,nifty_midsmallcap400
ASTRAL,INE006I01046,532830,Astral Ltd.,Capital Goods,mid_small_cap,nifty_midsmallcap400
ATHERENERG,INE0LEZ01016,Unlisted,Ather Energy Ltd.,Automobile and Auto Components,mid_small_cap,nifty_midsmallcap400
ATUL,INE100A01010,500027,Atul Ltd.,Chemicals,mid_small_cap,nifty_midsmallcap400
AUROPHARMA,INE406A01037,524804,Aurobindo Pharma Ltd.,Healthcare,mid_small_cap,nifty_midsmallcap400
AIIL,INE206F01022,539177,Authum Investment & Infrastructure Ltd.,Financial Services,mid_small_cap,nifty_midsmallcap400
BEML,INE258A01024,500048,BEML Ltd.,Capital Goods,mid_small_cap,nifty_midsmallcap400
BLS,INE153T01027,540073,BLS International Services Ltd.,Consumer Services,mid_small_cap,nifty_midsmallcap400
BSE,INE118H01025,543238,BSE Ltd.,Financial Services,mid_small_cap,nifty_midsmallcap400
BAJAJHFL,INE377Y01014,544244,Bajaj Housing Finance Ltd.,Financial Services,mid_small_cap,nifty_midsmallcap400
BALKRISIND,INE787D01026,502355,Balkrishna Industries Ltd.,Automobile and Auto Components,mid_small_cap,nifty_midsmallcap400
BALRAMCHIN,INE119A01028,500038,Balrampur Chini Mills Ltd.,Fast Moving Consumer Goods,mid_small_cap,nifty_midsmallcap400
BANDHANBNK,INE545U01014,541153,Bandhan Bank Ltd.,Financial Services,mid_small_cap,nifty_midsmallcap400
BANKINDIA,INE084A01016,532149,Bank of India,Financial Services,mid_small_cap,nifty_midsmallcap400
MAHABANK,INE457A01014,532525,Bank of Maharashtra,Financial Services,mid_small_cap,nifty_midsmallcap400
BATAINDIA,INE176A01028,500043,Bata India Ltd.,Consumer Durables,mid_small_cap,nifty_midsmallcap400
BAYERCROP,INE462A01022,506285,Bayer Cropscience Ltd.,Chemicals,mid_small_cap,nifty_midsmallcap400
BELRISE,INE894V01022,Unlisted,Belrise Industries Ltd.,Automobile and Auto Components,mid_small_cap,nifty_midsmallcap400
BERGEPAINT,INE463A01038,509480,Berger Paints India Ltd.,Consumer Durables,mid_small_cap,nifty_midsmallcap400
BDL,INE171Z01026,541143,Bharat Dynamics Ltd.,Capital Goods,mid_small_cap,nifty_midsmallcap400
BHARATFORG,INE465A01025,500493,Bharat Forge Ltd.,Automobile and Auto Components,mid_small_cap,nifty_midsmallcap400
BHEL,INE257A01026,500103,Bharat Heavy Electricals Ltd.,Capital Goods,mid_small_cap,nifty_midsmallcap400
BHARTIHEXA,INE343G01021,544162,Bharti Hexacom Ltd.,Telecommunication,mid_small_cap,nifty_midsmallcap400
BIKAJI,INE00E101023,543653,Bikaji Foods International Ltd.,Fast Moving Consumer Goods,mid_small_cap,nifty_midsmallcap400
GROWW,INE0HOQ01053,Unlisted,Billionbrains Garage Ventures Ltd.,Financial Services,mid_small_cap,nifty_midsmallcap400
BIOCON,INE376G01013,532523,Biocon Ltd.,Healthcare,mid_small_cap,nifty_midsmallcap400
BSOFT,INE836A01035,532400,Birlasoft Ltd.,Information Technology,mid_small_cap,nifty_midsmallcap400
BLUEDART,INE233B01017,526612,Blue Dart Express Ltd.,Services,mid_small_cap,nifty_midsmallcap400
BLUEJET,INE0KBH01020,544009,Blue Jet Healthcare Ltd.,Healthcare,mid_small_cap,nifty_midsmallcap400
BLUESTARCO,INE472A01039,500067,Blue Star Ltd.,Consumer Durables,mid_small_cap,nifty_midsmallcap400
BBTC,INE050A01025,501425,Bombay Burmah Trading Corporation Ltd.,Fast Moving Consumer Goods,mid_small_cap,nifty_midsmallcap400
FIRSTCRY,INE02RE01045,544229,Brainbees Solutions Ltd.,Consumer Services,mid_small_cap,nifty_midsmallcap400
BRIGADE,INE791I01019,532929,Brigade Enterprises Ltd.,Realty,mid_small_cap,nifty_midsmallcap400
MAPMYINDIA,INE0BV301023,543425,C.E. Info Systems Ltd.,Information Technology,mid_small_cap,nifty_midsmallcap400
CCL,INE421D01022,519600,CCL Products (I) Ltd.,Fast Moving Consumer Goods,mid_small_cap,nifty_midsmallcap400
CESC,INE486A01021,500084,CESC Ltd.,Power,mid_small_cap,nifty_midsmallcap400
CIEINDIA,INE536H01010,532756,CIE Automotive India Ltd.,Automobile and Auto Components,mid_small_cap,nifty_midsmallcap400
CRISIL,INE007A01025,500092,CRISIL Ltd.,Financial Services,mid_small_cap,nifty_midsmallcap400
CANFINHOME,INE477A01020,511196,Can Fin Homes Ltd.,Financial Services,mid_small_cap,nifty_midsmallcap400
CANHLIFE,INE01TY01017,Unlisted,Canara HSBC Life Insurance Company Ltd.,Financial Services,mid_small_cap,nifty_midsmallcap400
CAPLIPOINT,INE475E01026,524742,Caplin Point Laboratories Ltd.,Healthcare,mid_small_cap,nifty_midsmallcap400
CGCL,INE180C01042,531595,Capri Global Capital Ltd.,Financial Services,mid_small_cap,nifty_midsmallcap400
CARBORUNIV,INE120A01034,513375,Carborundum Universal Ltd.,Capital Goods,mid_small_cap,nifty_midsmallcap400
CARTRADE,INE290S01011,543333,Cartrade Tech Ltd.,Consumer Services,mid_small_cap,nifty_midsmallcap400
CASTROLIND,INE172A01027,500870,Castrol India Ltd.,Oil Gas & Consumable Fuels,mid_small_cap,nifty_midsmallcap400
CEATLTD,INE482A01020,500878,Ceat Ltd.,Automobile and Auto Components,mid_small_cap,nifty_midsmallcap400
CEMPRO,INE686A01026,Unlisted,Cemindia Projects Ltd.,Construction,mid_small_cap,nifty_midsmallcap400
CENTRALBK,INE483A01010,532885,Central Bank of India,Financial Services,mid_small_cap,nifty_midsmallcap400
CDSL,INE736A01011,540755,Central Depository Services (India) Ltd.,Financial Services,mid_small_cap,nifty_midsmallcap400
CHALET,INE427F01016,542399,Chalet Hotels Ltd.,Consumer Services,mid_small_cap,nifty_midsmallcap400
CHAMBLFERT,INE085A01013,500085,Chambal Fertilizers & Chemicals Ltd.,Chemicals,mid_small_cap,nifty_midsmallcap400
CHENNPETRO,INE178A01016,500110,Chennai Petroleum Corporation Ltd.,Oil Gas & Consumable Fuels,mid_small_cap,nifty_midsmallcap400
CHOICEIN,INE102B01014,531358,Choice International Ltd.,Financial Services,mid_small_cap,nifty_midsmallcap400
CHOLAHLDNG,INE149A01033,504973,Cholamandalam Financial Holdings Ltd.,Financial Services,mid_small_cap,nifty_midsmallcap400
CUB,INE491A01021,532210,City Union Bank Ltd.,Financial Services,mid_small_cap,nifty_midsmallcap400
CLEAN,INE227W01023,543318,Clean Science and Technology Ltd.,Chemicals,mid_small_cap,nifty_midsmallcap400
COCHINSHIP,INE704P01025,540678,Cochin Shipyard Ltd.,Capital Goods,mid_small_cap,nifty_midsmallcap400
COFORGE,INE591G01025,532281,Coforge Ltd.,Information Technology,mid_small_cap,nifty_midsmallcap400
COHANCE,INE03QK01018,Unlisted,Cohance Lifesciences Ltd.,Healthcare,mid_small_cap,nifty_midsmallcap400
COLPAL,INE259A01022,500830,Colgate Palmolive (India) Ltd.,Fast Moving Consumer Goods,mid_small_cap,nifty_midsmallcap400
CAMS,INE596I01020,543232,Computer Age Management Services Ltd.,Financial Services,mid_small_cap,nifty_midsmallcap400
CONCORDBIO,INE338H01029,543960,Concord Biotech Ltd.,Healthcare,mid_small_cap,nifty_midsmallcap400
CONCOR,INE111A01025,531344,Container Corporation of India Ltd.,Services,mid_small_cap,nifty_midsmallcap400
COROMANDEL,INE169A01031,506395,Coromandel International Ltd.,Chemicals,mid_small_cap,nifty_midsmallcap400
CRAFTSMAN,INE00LO01017,543276,Craftsman Automation Ltd.,Automobile and Auto Components,mid_small_cap,nifty_midsmallcap400
CREDITACC,INE741K01010,541770,CreditAccess Grameen Ltd.,Financial Services,mid_small_cap,nifty_midsmallcap400
CROMPTON,INE299U01018,539876,Crompton Greaves Consumer Electricals Ltd.,Consumer Durables,mid_small_cap,nifty_midsmallcap400
CYIENT,INE136B01020,532175,Cyient Ltd.,Information Technology,mid_small_cap,nifty_midsmallcap400
DCMSHRIRAM,INE499A01024,523367,DCM Shriram Ltd.,Diversified,mid_small_cap,nifty_midsmallcap400
DOMS,INE321T01012,544045,DOMS Industries Ltd.,Fast Moving Consumer Goods,mid_small_cap,nifty_midsmallcap400
DABUR,INE016A01026,500096,Dabur India Ltd.,Fast Moving Consumer Goods,mid_small_cap,nifty_midsmallcap400
DALBHARAT,INE00R701025,542216,Dalmia Bharat Ltd.,Construction Materials,mid_small_cap,nifty_midsmallcap400
DATAPATTNS,INE0IX101010,543428,Data Patterns (India) Ltd.,Capital Goods,mid_small_cap,nifty_midsmallcap400
DEEPAKFERT,INE501A01019,500645,Deepak Fertilisers & Petrochemicals Corp. Ltd.,Chemicals,mid_small_cap,nifty_midsmallcap400
DEEPAKNTR,INE288B01029,506401,Deepak Nitrite Ltd.,Chemicals,mid_small_cap,nifty_midsmallcap400
DELHIVERY,INE148O01028,543529,Delhivery Ltd.,Services,mid_small_cap,nifty_midsmallcap400
DEVYANI,INE872J01023,543330,Devyani International Ltd.,Consumer Services,mid_small_cap,nifty_midsmallcap400
DIXON,INE935N01020,540699,Dixon Technologies (India) Ltd.,Consumer Durables,mid_small_cap,nifty_midsmallcap400
LALPATHLAB,INE600L01024,539524,Dr. Lal Path Labs Ltd.,Healthcare,mid_small_cap,nifty_midsmallcap400
EIDPARRY,INE126A01031,500125,E.I.D. Parry (India) Ltd.,Fast Moving Consumer Goods,mid_small_cap,nifty_midsmallcap400
EIHOTEL,INE230A01023,500840,EIH Ltd.,Consumer Services,mid_small_cap,nifty_midsmallcap400
ELECON,INE205B01031,505700,Elecon Engineering Co. Ltd.,Capital Goods,mid_small_cap,nifty_midsmallcap400
ELGIEQUIP,INE285A01027,522074,Elgi Equipments Ltd.,Capital Goods,mid_small_cap,nifty_midsmallcap400
EMAMILTD,INE548C01032,531162,Emami Ltd.,Fast Moving Consumer Goods,mid_small_cap,nifty_midsmallcap400
EMCURE,INE168P01015,544210,Emcure Pharmaceuticals Ltd.,Healthcare,mid_small_cap,nifty_midsmallcap400
EMMVEE,INE1C6T01020,Unlisted,Emmvee Photovoltaic Power Ltd.,Capital Goods,mid_small_cap,nifty_midsmallcap400
ENDURANCE,INE913H01037,540153,Endurance Technologies Ltd.,Automobile and Auto Components,mid_small_cap,nifty_midsmallcap400
ENGINERSIN,INE510A01028,532178,Engineers India Ltd.,Construction,mid_small_cap,nifty_midsmallcap400
ERIS,INE406M01024,540596,Eris Lifesciences Ltd.,Healthcare,mid_small_cap,nifty_midsmallcap400
ESCORTS,INE042A01014,500495,Escorts Kubota Ltd.,Capital Goods,mid_small_cap,nifty_midsmallcap400
EXIDEIND,INE302A01020,500086,Exide Industries Ltd.,Automobile and Auto Components,mid_small_cap,nifty_midsmallcap400
NYKAA,INE388Y01029,543384,FSN E-Commerce Ventures Ltd.,Consumer Services,mid_small_cap,nifty_midsmallcap400
FEDERALBNK,INE171A01029,500469,Federal Bank Ltd.,Financial Services,mid_small_cap,nifty_midsmallcap400
FACT,INE188A01015,590024,Fertilisers and Chemicals Travancore Ltd.,Chemicals,mid_small_cap,nifty_midsmallcap400
FINCABLES,INE235A01022,500144,Finolex Cables Ltd.,Capital Goods,mid_small_cap,nifty_midsmallcap400
FSL,INE684F01012,532809,Firstsource Solutions Ltd.,Services,mid_small_cap,nifty_midsmallcap400
FIVESTAR,INE128S01021,543663,Five-Star Business Finance Ltd.,Financial Services,mid_small_cap,nifty_midsmallcap400
FORCEMOT,INE451A01017,500033,Force Motors Ltd.,Automobile and Auto Components,mid_small_cap,nifty_midsmallcap400
FORTIS,INE061F01013,532843,Fortis Healthcare Ltd.,Healthcare,mid_small_cap,nifty_midsmallcap400
GVT&D,INE200A01026,522275,GE Vernova T&D India Ltd.,Capital Goods,mid_small_cap,nifty_midsmallcap400
GMRAIRPORT,INE776C01039,532754,GMR Airports Ltd.,Services,mid_small_cap,nifty_midsmallcap400
GABRIEL,INE524A01029,505242,Gabriel India Ltd.,Automobile and Auto Components,mid_small_cap,nifty_midsmallcap400
GALLANTT,INE297H01019,532726,Gallantt Ispat Ltd.,Capital Goods,mid_small_cap,nifty_midsmallcap400
GRSE,INE382Z01011,542011,Garden Reach Shipbuilders & Engineers Ltd.,Capital Goods,mid_small_cap,nifty_midsmallcap400
GICRE,INE481Y01014,540755,General Insurance Corporation of India,Financial Services,mid_small_cap,nifty_midsmallcap400
GILLETTE,INE322A01010,507815,Gillette India Ltd.,Fast Moving Consumer Goods,mid_small_cap,nifty_midsmallcap400
GLAND,INE068V01023,543245,Gland Pharma Ltd.,Healthcare,mid_small_cap,nifty_midsmallcap400
GLAXO,INE159A01016,500660,Glaxosmithkline Pharmaceuticals Ltd.,Healthcare,mid_small_cap,nifty_midsmallcap400
GLENMARK,INE935A01035,532296,Glenmark Pharmaceuticals Ltd.,Healthcare,mid_small_cap,nifty_midsmallcap400
MEDANTA,INE474Q01031,543654,Global Health Ltd.,Healthcare,mid_small_cap,nifty_midsmallcap400
GODIGIT,INE03JT01014,544179,Go Digit General Insurance Ltd.,Financial Services,mid_small_cap,nifty_midsmallcap400
GPIL,INE177H01039,532734,Godawari Power & Ispat Ltd.,Capital Goods,mid_small_cap,nifty_midsmallcap400
GODFRYPHLP,INE260B01028,500163,Godfrey Phillips India Ltd.,Fast Moving Consumer Goods,mid_small_cap,nifty_midsmallcap400
GODREJIND,INE233A01035,500164,Godrej Industries Ltd.,Diversified,mid_small_cap,nifty_midsmallcap400
GODREJPROP,INE484J01027,533150,Godrej Properties Ltd.,Realty,mid_small_cap,nifty_midsmallcap400
GRANULES,INE101D01020,532482,Granules India Ltd.,Healthcare,mid_small_cap,nifty_midsmallcap400
GRAPHITE,INE371A01025,509488,Graphite India Ltd.,Capital Goods,mid_small_cap,nifty_midsmallcap400
GRAVITA,INE024L01027,533282,Gravita India Ltd.,Metals & Mining,mid_small_cap,nifty_midsmallcap400
GESHIP,INE017A01032,500620,Great Eastern Shipping Co. Ltd.,Services,mid_small_cap,nifty_midsmallcap400
FLUOROCHEM,INE09N301011,542812,Gujarat Fluorochemicals Ltd.,Chemicals,mid_small_cap,nifty_midsmallcap400
GMDCLTD,INE131A01031,532181,Gujarat Mineral Development Corporation Ltd.,Metals & Mining,mid_small_cap,nifty_midsmallcap400
HEG,INE545A01024,509631,H.E.G. Ltd.,Capital Goods,mid_small_cap,nifty_midsmallcap400
HBLENGINE,INE292B01021,517271,HBL Engineering Ltd.,Capital Goods,mid_small_cap,nifty_midsmallcap400
HDBFS,INE756I01012,Unlisted,HDB Financial Services Ltd.,Financial Services,mid_small_cap,nifty_midsmallcap400
HFCL,INE548A01028,500183,HFCL Ltd.,Telecommunication,mid_small_cap,nifty_midsmallcap400
HAVELLS,INE176B01034,517354,Havells India Ltd.,Consumer Durables,mid_small_cap,nifty_midsmallcap400
HEROMOTOCO,INE158A01026,500182,Hero MotoCorp Ltd.,Automobile and Auto Components,mid_small_cap,nifty_midsmallcap400
HEXT,INE093A01041,Unlisted,Hexaware Technologies Ltd.,Information Technology,mid_small_cap,nifty_midsmallcap400
HSCL,INE019C01026,500184,Himadri Speciality Chemical Ltd.,Chemicals,mid_small_cap,nifty_midsmallcap400
HINDCOPPER,INE531E01026,513599,Hindustan Copper Ltd.,Metals & Mining,mid_small_cap,nifty_midsmallcap400
HINDPETRO,INE094A01015,500104,Hindustan Petroleum Corporation Ltd.,Oil Gas & Consumable Fuels,mid_small_cap,nifty_midsmallcap400
POWERINDIA,INE07Y701011,522273,Hitachi Energy India Ltd.,Capital Goods,mid_small_cap,nifty_midsmallcap400
HOMEFIRST,INE481N01025,543259,Home First Finance Company India Ltd.,Financial Services,mid_small_cap,nifty_midsmallcap400
HONASA,INE0J5401028,544014,Honasa Consumer Ltd.,Fast Moving Consumer Goods,mid_small_cap,nifty_midsmallcap400
HONAUT,INE671A01010,517174,Honeywell Automation India Ltd.,Capital Goods,mid_small_cap,nifty_midsmallcap400
HUDCO,INE031A01017,540530,Housing & Urban Development Corporation Ltd.,Financial Services,mid_small_cap,nifty_midsmallcap400
ICICIGI,INE765G01017,540716,ICICI Lombard General Insurance Company Ltd.,Financial Services,mid_small_cap,nifty_midsmallcap400
ICICIAMC,INE346A01027,Unlisted,ICICI Prudential Asset Management Company Ltd.,Financial Services,mid_small_cap,nifty_midsmallcap400
ICICIPRULI,INE726G01019,540133,ICICI Prudential Life Insurance Company Ltd.,Financial Services,mid_small_cap,nifty_midsmallcap400
IDBI,INE008A01015,500116,IDBI Bank Ltd.,Financial Services,mid_small_cap,nifty_midsmallcap400
IDFCFIRSTB,INE092T01019,539437,IDFC First Bank Ltd.,Financial Services,mid_small_cap,nifty_midsmallcap400
IFCI,INE039A01010,500106,IFCI Ltd.,Financial Services,mid_small_cap,nifty_midsmallcap400
IIFL,INE530B01024,532636,IIFL Finance Ltd.,Financial Services,mid_small_cap,nifty_midsmallcap400
IRB,INE821I01022,532947,IRB Infrastructure Developers Ltd.,Construction,mid_small_cap,nifty_midsmallcap400
IRCON,INE962Y01021,541956,IRCON International Ltd.,Construction,mid_small_cap,nifty_midsmallcap400
ITCHOTELS,INE379A01028,Unlisted,ITC Hotels Ltd.,Consumer Services,mid_small_cap,nifty_midsmallcap400
ITI,INE248A01017,523610,ITI Ltd.,Telecommunication,mid_small_cap,nifty_midsmallcap400
INDGN,INE065X01017,544172,Indegene Ltd.,Healthcare,mid_small_cap,nifty_midsmallcap400
INDIACEM,INE383A01012,530005,India Cements Ltd.,Construction Materials,mid_small_cap,nifty_midsmallcap400
INDIAMART,INE933S01016,542726,Indiamart Intermesh Ltd.,Consumer Services,mid_small_cap,nifty_midsmallcap400
INDIANB,INE562A01011,532814,Indian Bank,Financial Services,mid_small_cap,nifty_midsmallcap400
IEX,INE022Q01020,540750,Indian Energy Exchange Ltd.,Financial Services,mid_small_cap,nifty_midsmallcap400
IOB,INE565A01014,532388,Indian Overseas Bank,Financial Services,mid_small_cap,nifty_midsmallcap400
IRCTC,INE335Y01020,542830,Indian Railway Catering And Tourism Corporation Ltd.,Consumer Services,mid_small_cap,nifty_midsmallcap400
IREDA,INE202E01016,544026,Indian Renewable Energy Development Agency Ltd.,Financial Services,mid_small_cap,nifty_midsmallcap400
IGL,INE203G01027,532514,Indraprastha Gas Ltd.,Oil Gas & Consumable Fuels,mid_small_cap,nifty_midsmallcap400
INDUSTOWER,INE121J01017,534816,Indus Towers Ltd.,Telecommunication,mid_small_cap,nifty_midsmallcap400
INDUSINDBK,INE095A01012,532187,IndusInd Bank Ltd.,Financial Services,mid_small_cap,nifty_midsmallcap400
NAUKRI,INE663F01032,532777,Info Edge (India) Ltd.,Consumer Services,mid_small_cap,nifty_midsmallcap400
INOXWIND,INE066P01011,539083,Inox Wind Ltd.,Capital Goods,mid_small_cap,nifty_midsmallcap400
INTELLECT,INE306R01017,538835,Intellect Design Arena Ltd.,Information Technology,mid_small_cap,nifty_midsmallcap400
IGIL,INE0Q9301021,Unlisted,International Gemological Institute Ltd.,Services,mid_small_cap,nifty_midsmallcap400
IKS,INE115Q01022,Unlisted,Inventurus Knowledge Solutions Ltd.,Information Technology,mid_small_cap,nifty_midsmallcap400
IPCALAB,INE571A01038,524494,Ipca Laboratories Ltd.,Healthcare,mid_small_cap,nifty_midsmallcap400
JBCHEPHARM,INE572A01036,506943,J.B. Chemicals & Pharmaceuticals Ltd.,Healthcare,mid_small_cap,nifty_midsmallcap400
JKCEMENT,INE823G01014,532644,J.K. Cement Ltd.,Construction Materials,mid_small_cap,nifty_midsmallcap400
JBMA,INE927D01051,532605,JBM Auto Ltd.,Automobile and Auto Components,mid_small_cap,nifty_midsmallcap400
JKTYRE,INE573A01042,530007,JK Tyre & Industries Ltd.,Automobile and Auto Components,mid_small_cap,nifty_midsmallcap400
JMFINANCIL,INE780C01023,523405,JM Financial Ltd.,Financial Services,mid_small_cap,nifty_midsmallcap400
JSWCEMENT,INE718I01012,Unlisted,JSW Cement Ltd.,Construction Materials,mid_small_cap,nifty_midsmallcap400
JSWDULUX,INE133A01011,Unlisted,JSW Dulux Ltd.,Consumer Durables,mid_small_cap,nifty_midsmallcap400
JSWENERGY,INE121E01018,533148,JSW Energy Ltd.,Power,mid_small_cap,nifty_midsmallcap400
JSWINFRA,INE880J01026,543994,JSW Infrastructure Ltd.,Services,mid_small_cap,nifty_midsmallcap400
JAINREC,INE0YD401026,Unlisted,Jain Resource Recycling Ltd.,Metals & Mining,mid_small_cap,nifty_midsmallcap400
JPPOWER,INE351F01018,532627,Jaiprakash Power Ventures Ltd.,Power,mid_small_cap,nifty_midsmallcap400
J&KBANK,INE168A01041,532209,Jammu & Kashmir Bank Ltd.,Financial Services,mid_small_cap,nifty_midsmallcap400
JINDALSAW,INE324A01032,532286,Jindal Saw Ltd.,Capital Goods,mid_small_cap,nifty_midsmallcap400
JSL,INE220G01021,532508,Jindal Stainless Ltd.,Metals & Mining,mid_small_cap,nifty_midsmallcap400
JUBLFOOD,INE797F01020,533155,Jubilant Foodworks Ltd.,Consumer Services,mid_small_cap,nifty_midsmallcap400
JUBLINGREA,INE0BY001018,543271,Jubilant Ingrevia Ltd.,Chemicals,mid_small_cap,nifty_midsmallcap400
JUBLPHARMA,INE700A01033,530019,Jubilant Pharmova Ltd.,Healthcare,mid_small_cap,nifty_midsmallcap400
JWL,INE209L01016,533272,Jupiter Wagons Ltd.,Capital Goods,mid_small_cap,nifty_midsmallcap400
JYOTICNC,INE980O01024,544081,Jyoti CNC Automation Ltd.,Capital Goods,mid_small_cap,nifty_midsmallcap400
KPRMILL,INE930H01031,532889,K.P.R. Mill Ltd.,Textiles,mid_small_cap,nifty_midsmallcap400
KEI,INE878B01027,517569,KEI Industries Ltd.,Capital Goods,mid_small_cap,nifty_midsmallcap400
KPITTECH,INE04I401011,542651,KPIT Technologies Ltd.,Information Technology,mid_small_cap,nifty_midsmallcap400
KAJARIACER,INE217B01036,500233,Kajaria Ceramics Ltd.,Consumer Durables,mid_small_cap,nifty_midsmallcap400
KPIL,INE220B01022,522287,Kalpataru Projects International Ltd.,Construction,mid_small_cap,nifty_midsmallcap400
KALYANKJIL,INE303R01014,543278,Kalyan Jewellers India Ltd.,Consumer Durables,mid_small_cap,nifty_midsmallcap400
KARURVYSYA,INE036D01028,590003,Karur Vysya Bank Ltd.,Financial Services,mid_small_cap,nifty_midsmallcap400
KAYNES,INE918Z01012,543664,Kaynes Technology India Ltd.,Capital Goods,mid_small_cap,nifty_midsmallcap400
KEC,INE389H01022,532714,Kec International Ltd.,Construction,mid_small_cap,nifty_midsmallcap400
KFINTECH,INE138Y01010,543720,Kfin Technologies Ltd.,Financial Services,mid_small_cap,nifty_midsmallcap400
KIRLOSENG,INE146L01010,533293,Kirloskar Oil Eng Ltd.,Capital Goods,mid_small_cap,nifty_midsmallcap400
KIMS,INE967H01025,543308,Krishna Institute of Medical Sciences Ltd.,Healthcare,mid_small_cap,nifty_midsmallcap400
LTF,INE498L01015,533519,L&T Finance Ltd.,Financial Services,mid_small_cap,nifty_midsmallcap400
LTTS,INE010V01017,540115,L&T Technology Services Ltd.,Information Technology,mid_small_cap,nifty_midsmallcap400
LGEINDIA,INE324D01010,Unlisted,LG Electronics India Ltd.,Consumer Durables,mid_small_cap,nifty_midsmallcap400
LICHSGFIN,INE115A01026,500253,LIC Housing Finance Ltd.,Financial Services,mid_small_cap,nifty_midsmallcap400
LTFOODS,INE818H01020,532783,LT Foods Ltd.,Fast Moving Consumer Goods,mid_small_cap,nifty_midsmallcap400
LATENTVIEW,INE0I7C01011,543398,Latent View Analytics Ltd.,Information Technology,mid_small_cap,nifty_midsmallcap400
LAURUSLABS,INE947Q01028,540222,Laurus Labs Ltd.,Healthcare,mid_small_cap,nifty_midsmallcap400
THELEELA,INE0AQ201015,Unlisted,Leela Palaces Hotels & Resorts Ltd.,Consumer Services,mid_small_cap,nifty_midsmallcap400
LEMONTREE,INE970X01018,541233,Lemon Tree Hotels Ltd.,Consumer Services,mid_small_cap,nifty_midsmallcap400
LENSKART,INE956O01016,Unlisted,Lenskart Solutions Ltd.,Consumer Services,mid_small_cap,nifty_midsmallcap400
LICI,INE0J1Y01017,543526,Life Insurance Corporation of India,Financial Services,mid_small_cap,nifty_midsmallcap400
LINDEINDIA,INE473A01011,523385,Linde India Ltd.,Chemicals,mid_small_cap,nifty_midsmallcap400
LLOYDSME,INE281B01032,512455,Lloyds Metals And Energy Ltd.,Metals & Mining,mid_small_cap,nifty_midsmallcap400
LUPIN,INE326A01037,500257,Lupin Ltd.,Healthcare,mid_small_cap,nifty_midsmallcap400
MMTC,INE123F01029,513377,MMTC Ltd.,Services,mid_small_cap,nifty_midsmallcap400
MRF,INE883A01011,500290,MRF Ltd.,Automobile and Auto Components,mid_small_cap,nifty_midsmallcap400
MGL,INE002S01010,539957,Mahanagar Gas Ltd.,Oil Gas & Consumable Fuels,mid_small_cap,nifty_midsmallcap400
M&MFIN,INE774D01024,532720,Mahindra & Mahindra Financial Services Ltd.,Financial Services,mid_small_cap,nifty_midsmallcap400
MANAPPURAM,INE522D01027,531213,Manappuram Finance Ltd.,Financial Services,mid_small_cap,nifty_midsmallcap400
MRPL,INE103A01014,500109,Mangalore Refinery & Petrochemicals Ltd.,Oil Gas & Consumable Fuels,mid_small_cap,nifty_midsmallcap400
MANKIND,INE634S01028,543904,Mankind Pharma Ltd.,Healthcare,mid_small_cap,nifty_midsmallcap400
MARICO,INE196A01026,531642,Marico Ltd.,Fast Moving Consumer Goods,mid_small_cap,nifty_midsmallcap400
MFSL,INE180A01020,500271,Max Financial Services Ltd.,Financial Services,mid_small_cap,nifty_midsmallcap400
MEESHO,INE0VDM01015,Unlisted,Meesho Ltd.,Consumer Services,mid_small_cap,nifty_midsmallcap400
MINDACORP,INE842C01021,538962,Minda Corporation Ltd.,Automobile and Auto Components,mid_small_cap,nifty_midsmallcap400
MSUMI,INE0FS801015,543498,Motherson Sumi Wiring India Ltd.,Automobile and Auto Components,mid_small_cap,nifty_midsmallcap400
MOTILALOFS,INE338I01027,532892,Motilal Oswal Financial Services Ltd.,Financial Services,mid_small_cap,nifty_midsmallcap400
MPHASIS,INE356A01018,526299,MphasiS Ltd.,Information Technology,mid_small_cap,nifty_midsmallcap400
MCX,INE745G01043,534091,Multi Commodity Exchange of India Ltd.,Financial Services,mid_small_cap,nifty_midsmallcap400
NATCOPHARM,INE987B01026,524816,NATCO Pharma Ltd.,Healthcare,mid_small_cap,nifty_midsmallcap400
NBCC,INE095N01031,534309,NBCC (India) Ltd.,Construction,mid_small_cap,nifty_midsmallcap400
NCC,INE868B01028,500294,NCC Ltd.,Construction,mid_small_cap,nifty_midsmallcap400
NHPC,INE848E01016,533098,NHPC Ltd.,Power,mid_small_cap,nifty_midsmallcap400
NLCINDIA,INE589A01014,513683,NLC India Ltd.,Power,mid_small_cap,nifty_midsmallcap400
NMDC,INE584A01023,528392,NMDC Ltd.,Metals & Mining,mid_small_cap,nifty_midsmallcap400
NSLNISP,INE0NNS01018,543768,NMDC Steel Ltd.,Metals & Mining,mid_small_cap,nifty_midsmallcap400
NTPCGREEN,INE0ONG01011,544291,NTPC Green Energy Ltd.,Power,mid_small_cap,nifty_midsmallcap400
NH,INE410P01011,539551,Narayana Hrudayalaya Ltd.,Healthcare,mid_small_cap,nifty_midsmallcap400
NATIONALUM,INE139A01034,532234,National Aluminium Co. Ltd.,Metals & Mining,mid_small_cap,nifty_midsmallcap400
NAVA,INE725A01030,513023,Nava Ltd.,Power,mid_small_cap,nifty_midsmallcap400
NAVINFLUOR,INE048G01026,532504,Navin Fluorine International Ltd.,Chemicals,mid_small_cap,nifty_midsmallcap400
NETWEB,INE0NT901020,543945,Netweb Technologies India Ltd.,Information Technology,mid_small_cap,nifty_midsmallcap400
NEULANDLAB,INE794A01010,524558,Neuland Laboratories Ltd.,Healthcare,mid_small_cap,nifty_midsmallcap400
NEWGEN,INE619B01017,540900,Newgen Software Technologies Ltd.,Information Technology,mid_small_cap,nifty_midsmallcap400
NAM-INDIA,INE298J01013,540767,Nippon Life India Asset Management Ltd.,Financial Services,mid_small_cap,nifty_midsmallcap400
NIVABUPA,INE995S01015,544293,Niva Bupa Health Insurance Company Ltd.,Financial Services,mid_small_cap,nifty_midsmallcap400
NUVAMA,INE531F01023,543988,Nuvama Wealth Management Ltd.,Financial Services,mid_small_cap,nifty_midsmallcap400
NUVOCO,INE118D01016,543334,Nuvoco Vistas Corporation Ltd.,Construction Materials,mid_small_cap,nifty_midsmallcap400
OBEROIRLTY,INE093I01010,533273,Oberoi Realty Ltd.,Realty,mid_small_cap,nifty_midsmallcap400
OIL,INE274J01014,533106,Oil India Ltd.,Oil Gas & Consumable Fuels,mid_small_cap,nifty_midsmallcap400
OLAELEC,INE0LXG01040,544239,Ola Electric Mobility Ltd.,Automobile and Auto Components,mid_small_cap,nifty_midsmallcap400
OLECTRA,INE260D01016,532439,Olectra Greentech Ltd.,Automobile and Auto Components,mid_small_cap,nifty_midsmallcap400
PAYTM,INE982J01020,543396,One 97 Communications Ltd.,Financial Services,mid_small_cap,nifty_midsmallcap400
ONESOURCE,INE013P01021,Unlisted,Onesource Specialty Pharma Ltd.,Healthcare,mid_small_cap,nifty_midsmallcap400
OFSS,INE881D01027,532466,Oracle Financial Services Software Ltd.,Information Technology,mid_small_cap,nifty_midsmallcap400
POLICYBZR,INE417T01026,543390,PB Fintech Ltd.,Financial Services,mid_small_cap,nifty_midsmallcap400
PCBL,INE602A01031,506590,PCBL Chemical Ltd.,Chemicals,mid_small_cap,nifty_midsmallcap400
PGEL,INE457L01029,533581,PG Electroplast Ltd.,Consumer Durables,mid_small_cap,nifty_midsmallcap400
PIIND,INE603J01030,523642,PI Industries Ltd.,Chemicals,mid_small_cap,nifty_midsmallcap400
PNBHOUSING,INE572E01012,540173,PNB Housing Finance Ltd.,Financial Services,mid_small_cap,nifty_midsmallcap400
PTCIL,INE596F01018,539006,PTC Industries Ltd.,Capital Goods,mid_small_cap,nifty_midsmallcap400
PVRINOX,INE191H01014,532689,PVR INOX Ltd.,Media Entertainment & Publication,mid_small_cap,nifty_midsmallcap400
PAGEIND,INE761H01022,532827,Page Industries Ltd.,Textiles,mid_small_cap,nifty_midsmallcap400
PARADEEP,INE088F01024,543530,Paradeep Phosphates Ltd.,Chemicals,mid_small_cap,nifty_midsmallcap400
PATANJALI,INE619A01035,500368,Patanjali Foods Ltd.,Fast Moving Consumer Goods,mid_small_cap,nifty_midsmallcap400
PERSISTENT,INE262H01021,533179,Persistent Systems Ltd.,Information Technology,mid_small_cap,nifty_midsmallcap400
PETRONET,INE347G01014,532522,Petronet LNG Ltd.,Oil Gas & Consumable Fuels,mid_small_cap,nifty_midsmallcap400
PFIZER,INE182A01018,500680,Pfizer Ltd.,Healthcare,mid_small_cap,nifty_midsmallcap400
PHOENIXLTD,INE211B01039,503100,Phoenix Mills Ltd.,Realty,mid_small_cap,nifty_midsmallcap400
PWL,INE0LP301011,Unlisted,Physicswallah Ltd.,Consumer Services,mid_small_cap,nifty_midsmallcap400
PINELABS,INE15B701018,Unlisted,Pine Labs Ltd.,Financial Services,mid_small_cap,nifty_midsmallcap400
PIRAMALFIN,INE202B01038,Unlisted,Piramal Finance Ltd.,Financial Services,mid_small_cap,nifty_midsmallcap400
PPLPHARMA,INE0DK501011,543635,Piramal Pharma Ltd.,Healthcare,mid_small_cap,nifty_midsmallcap400
POLYMED,INE205C01021,531768,Poly Medicure Ltd.,Healthcare,mid_small_cap,nifty_midsmallcap400
POLYCAB,INE455K01017,542652,Polycab India Ltd.,Capital Goods,mid_small_cap,nifty_midsmallcap400
POONAWALLA,INE511C01022,524000,Poonawalla Fincorp Ltd.,Financial Services,mid_small_cap,nifty_midsmallcap400
PREMIERENE,INE0BS701011,544234,Premier Energies Ltd.,Capital Goods,mid_small_cap,nifty_midsmallcap400
PRESTIGE,INE811K01011,533274,Prestige Estates Projects Ltd.,Realty,mid_small_cap,nifty_midsmallcap400
RRKABEL,INE777K01022,543981,R R Kabel Ltd.,Capital Goods,mid_small_cap,nifty_midsmallcap400
RBLBANK,INE976G01028,540065,RBL Bank Ltd.,Financial Services,mid_small_cap,nifty_midsmallcap400
RHIM,INE743M01012,534076,RHI MAGNESITA INDIA LTD.,Capital Goods,mid_small_cap,nifty_midsmallcap400
RITES,INE320J01015,541556,RITES Ltd.,Construction,mid_small_cap,nifty_midsmallcap400
RADICO,INE944F01028,532497,Radico Khaitan Ltd,Fast Moving Consumer Goods,mid_small_cap,nifty_midsmallcap400
RVNL,INE415G01027,542649,Rail Vikas Nigam Ltd.,Construction,mid_small_cap,nifty_midsmallcap400
RAILTEL,INE0DD101019,543265,Railtel Corporation Of India Ltd.,Telecommunication,mid_small_cap,nifty_midsmallcap400
RAINBOW,INE961O01016,543524,Rainbow Childrens Medicare Ltd.,Healthcare,mid_small_cap,nifty_midsmallcap400
RKFORGE,INE399G01023,532527,Ramkrishna Forgings Ltd.,Automobile and Auto Components,mid_small_cap,nifty_midsmallcap400
REDINGTON,INE891D01026,532805,Redington Ltd.,Services,mid_small_cap,nifty_midsmallcap400
RPOWER,INE614G01033,532939,Reliance Power Ltd.,Power,mid_small_cap,nifty_midsmallcap400
SBFC,INE423Y01016,543959,SBFC Finance Ltd.,Financial Services,mid_small_cap,nifty_midsmallcap400
SBICARD,INE018E01016,543066,SBI Cards and Payment Services Ltd.,Financial Services,mid_small_cap,nifty_midsmallcap400
SJVN,INE002L01015,533206,SJVN Ltd.,Power,mid_small_cap,nifty_midsmallcap400
SRF,INE647A01010,503806,SRF Ltd.,Chemicals,mid_small_cap,nifty_midsmallcap400
SAGILITY,INE0W2G01015,544292,Sagility Ltd.,Information Technology,mid_small_cap,nifty_midsmallcap400
SAILIFE,INE570L01029,Unlisted,Sai Life Sciences Ltd.,Healthcare,mid_small_cap,nifty_midsmallcap400
SAMMAANCAP,INE148I01020,535789,Sammaan Capital Ltd.,Financial Services,mid_small_cap,nifty_midsmallcap400
SAPPHIRE,INE806T01020,543397,Sapphire Foods India Ltd.,Consumer Services,mid_small_cap,nifty_midsmallcap400
SARDAEN,INE385C01021,504614,Sarda Energy and Minerals Ltd.,Metals & Mining,mid_small_cap,nifty_midsmallcap400
SAREGAMA,INE979A01025,532163,Saregama India Ltd,Media Entertainment & Publication,mid_small_cap,nifty_midsmallcap400
SCHAEFFLER,INE513A01022,505790,Schaeffler India Ltd.,Automobile and Auto Components,mid_small_cap,nifty_midsmallcap400
SCHNEIDER,INE839M01018,534139,Schneider Electric Infrastructure Ltd.,Capital Goods,mid_small_cap,nifty_midsmallcap400
SCI,INE109A01011,523598,Shipping Corporation of India Ltd.,Services,mid_small_cap,nifty_midsmallcap400
SHYAMMETL,INE810G01011,543299,Shyam Metalics and Energy Ltd.,Capital Goods,mid_small_cap,nifty_midsmallcap400
SIGNATURE,INE903U01023,543990,Signatureglobal (India) Ltd.,Realty,mid_small_cap,nifty_midsmallcap400
SOBHA,INE671H01015,532784,Sobha Ltd.,Realty,mid_small_cap,nifty_midsmallcap400
SONACOMS,INE073K01018,543300,Sona BLW Precision Forgings Ltd.,Automobile and Auto Components,mid_small_cap,nifty_midsmallcap400
SONATSOFTW,INE269A01021,532221,Sonata Software Ltd.,Information Technology,mid_small_cap,nifty_midsmallcap400
STARHEALTH,INE575P01011,543412,Star Health and Allied Insurance Company Ltd.,Financial Services,mid_small_cap,nifty_midsmallcap400
SAIL,INE114A01011,500113,Steel Authority of India Ltd.,Metals & Mining,mid_small_cap,nifty_midsmallcap400
SUMICHEM,INE258G01013,542920,Sumitomo Chemical India Ltd.,Chemicals,mid_small_cap,nifty_midsmallcap400
SUNTV,INE424H01027,532733,Sun TV Network Ltd.,Media Entertainment & Publication,mid_small_cap,nifty_midsmallcap400
SUNDARMFIN,INE660A01013,590071,Sundaram Finance Ltd.,Financial Services,mid_small_cap,nifty_midsmallcap400
SUPREMEIND,INE195A01028,509930,Supreme Industries Ltd.,Capital Goods,mid_small_cap,nifty_midsmallcap400
SPLPETRO,INE663A01033,500405,Supreme Petrochem Ltd.,Chemicals,mid_small_cap,nifty_midsmallcap400
SUZLON,INE040H01021,532667,Suzlon Energy Ltd.,Capital Goods,mid_small_cap,nifty_midsmallcap400
SWANCORP,INE665A01038,503310,Swan Corp Ltd.,Chemicals,mid_small_cap,nifty_midsmallcap400
SWIGGY,INE00H001014,544288,Swiggy Ltd.,Consumer Services,mid_small_cap,nifty_midsmallcap400
SYNGENE,INE398R01022,539268,Syngene International Ltd.,Healthcare,mid_small_cap,nifty_midsmallcap400
SYRMA,INE0DYJ01015,543573,Syrma SGS Technology Ltd.,Capital Goods,mid_small_cap,nifty_midsmallcap400
TBOTEK,INE673O01025,544181,TBO Tek Ltd.,Consumer Services,mid_small_cap,nifty_midsmallcap400
TATACHEM,INE092A01019,500770,Tata Chemicals Ltd.,Chemicals,mid_small_cap,nifty_midsmallcap400
TATACOMM,INE151A01013,500483,Tata Communications Ltd.,Telecommunication,mid_small_cap,nifty_midsmallcap400
TATAELXSI,INE670A01012,500408,Tata Elxsi Ltd.,Information Technology,mid_small_cap,nifty_midsmallcap400
TATAINVEST,INE672A01026,501301,Tata Investment Corporation Ltd.,Financial Services,mid_small_cap,nifty_midsmallcap400
TATATECH,INE142M01025,544028,Tata Technologies Ltd.,Information Technology,mid_small_cap,nifty_midsmallcap400
TTML,INE517B01013,532371,Tata Teleservices (Maharashtra) Ltd.,Telecommunication,mid_small_cap,nifty_midsmallcap400
TECHNOE,INE285K01026,542141,Techno Electric & Engineering Company Ltd.,Construction,mid_small_cap,nifty_midsmallcap400
TEGA,INE011K01018,543413,Tega Industries Ltd.,Capital Goods,mid_small_cap,nifty_midsmallcap400
TEJASNET,INE010J01012,540595,Tejas Networks Ltd.,Telecommunication,mid_small_cap,nifty_midsmallcap400
TENNIND,INE19RI01016,Unlisted,Tenneco Clean Air India Ltd.,Automobile and Auto Components,mid_small_cap,nifty_midsmallcap400
NIACL,INE470Y01017,541300,The New India Assurance Company Ltd.,Financial Services,mid_small_cap,nifty_midsmallcap400
RAMCOCEM,INE331A01037,500260,The Ramco Cements Ltd.,Construction Materials,mid_small_cap,nifty_midsmallcap400
THERMAX,INE152A01029,500411,Thermax Ltd.,Capital Goods,mid_small_cap,nifty_midsmallcap400
TIMKEN,INE325A01013,522113,Timken India Ltd.,Capital Goods,mid_small_cap,nifty_midsmallcap400
TITAGARH,INE615H01020,532966,Titagarh Rail Systems Ltd.,Capital Goods,mid_small_cap,nifty_midsmallcap400
TORNTPOWER,INE813H01021,532779,Torrent Power Ltd.,Power,mid_small_cap,nifty_midsmallcap400
TARIL,INE763I01026,532928,Transformers And Rectifiers (India) Ltd.,Capital Goods,mid_small_cap,nifty_midsmallcap400
TRAVELFOOD,INE103V01028,Unlisted,Travel Food Services Ltd.,Consumer Services,mid_small_cap,nifty_midsmallcap400
TRIDENT,INE064C01022,521064,Trident Ltd.,Textiles,mid_small_cap,nifty_midsmallcap400
TRITURBINE,INE152M01016,533655,Triveni Turbine Ltd.,Capital Goods,mid_small_cap,nifty_midsmallcap400
TIINDIA,INE974X01010,540762,Tube Investments of India Ltd.,Automobile and Auto Components,mid_small_cap,nifty_midsmallcap400
UCOBANK,INE691A01018,532505,UCO Bank,Financial Services,mid_small_cap,nifty_midsmallcap400
UNOMINDA,INE405E01023,532539,UNO Minda Ltd.,Automobile and Auto Components,mid_small_cap,nifty_midsmallcap400
UPL,INE628A01036,512070,UPL Ltd.,Chemicals,mid_small_cap,nifty_midsmallcap400
UTIAMC,INE094J01016,543249,UTI Asset Management Company Ltd.,Financial Services,mid_small_cap,nifty_midsmallcap400
UBL,INE686F01025,532478,United Breweries Ltd.,Fast Moving Consumer Goods,mid_small_cap,nifty_midsmallcap400
URBANCO,INE0CAZ01013,Unlisted,Urban Company Ltd.,Consumer Services,mid_small_cap,nifty_midsmallcap400
USHAMART,INE228A01035,517146,Usha Martin Ltd.,Capital Goods,mid_small_cap,nifty_midsmallcap400
VTL,INE825A01020,502986,Vardhman Textiles Ltd.,Textiles,mid_small_cap,nifty_midsmallcap400
VIJAYA,INE043W01024,543350,Vijaya Diagnostic Centre Ltd.,Healthcare,mid_small_cap,nifty_midsmallcap400
VMM,INE01EA01019,Unlisted,Vishal Mega Mart Ltd.,Consumer Services,mid_small_cap,nifty_midsmallcap400
IDEA,INE669E01016,532822,Vodafone Idea Ltd.,Telecommunication,mid_small_cap,nifty_midsmallcap400
VOLTAS,INE226A01021,500575,Voltas Ltd.,Consumer Durables,mid_small_cap,nifty_midsmallcap400
WAAREEENER,INE377N01017,544277,Waaree Energies Ltd.,Capital Goods,mid_small_cap,nifty_midsmallcap400
WELCORP,INE191B01025,532144,Welspun Corp Ltd.,Capital Goods,mid_small_cap,nifty_midsmallcap400
WELSPUNLIV,INE192B01031,514162,Welspun Living Ltd.,Textiles,mid_small_cap,nifty_midsmallcap400
WHIRLPOOL,INE716A01013,500238,Whirlpool of India Ltd.,Consumer Durables,mid_small_cap,nifty_midsmallcap400
WOCKPHARMA,INE049B01025,532300,Wockhardt Ltd.,Healthcare,mid_small_cap,nifty_midsmallcap400
YESBANK,INE528G01035,532648,Yes Bank Ltd.,Financial Services,mid_small_cap,nifty_midsmallcap400
ZFCVINDIA,INE342J01019,533023,ZF Commercial Vehicle Control Systems India Ltd.,Automobile and Auto Components,mid_small_cap,nifty_midsmallcap400
ZEEL,INE256A01028,505537,Zee Entertainment Enterprises Ltd.,Media Entertainment & Publication,mid_small_cap,nifty_midsmallcap400
ZENTEC,INE251B01027,533339,Zen Technologies Ltd.,Capital Goods,mid_small_cap,nifty_midsmallcap400
ZENSARTECH,INE520A01027,504067,Zensar Technolgies Ltd.,Information Technology,mid_small_cap,nifty_midsmallcap400
ZYDUSWELL,INE768C01028,531335,Zydus Wellness Ltd.,Fast Moving Consumer Goods,mid_small_cap,nifty_midsmallcap400
ECLERX,INE738I01010,532927,eClerx Services Ltd.,Services,mid_small_cap,nifty_midsmallcap400
,,,,,,